step	rho	rho_pval	ce
100	0.9886495119039103	0.0	2.321663440830733
